--MSSQL, baza danych na kolokwium: sklep internetowy
--dr Robert Fidytek 12.11.2013 r.

INSERT INTO adres(id_adres,ulica,numer,kod,miejscowosc) VALUES (1,'Brzeszczyñskiego','4/4','11-200','Bartoszyce');
INSERT INTO adres(id_adres,ulica,numer,kod,miejscowosc) VALUES (2,'23 Marca','10','81-820','Sopot');
INSERT INTO adres(id_adres,ulica,numer,kod,miejscowosc) VALUES (3,'11 Listopada','95b','80-180','Gdañsk');
INSERT INTO adres(id_adres,ulica,numer,kod,miejscowosc) VALUES (4,'Afrodyty','45','80-299','Gdañsk');
INSERT INTO adres(id_adres,ulica,numer,kod,miejscowosc) VALUES (5,'Biologiczna','68/3','80-298','Gdañsk');
INSERT INTO adres(id_adres,ulica,numer,kod,miejscowosc) VALUES (6,'Czajki','73a/3','80-680','Bartoszyce');
INSERT INTO adres(id_adres,ulica,numer,kod,miejscowosc) VALUES (7,'Architektów','22','81-528','Gdynia');
INSERT INTO adres(id_adres,ulica,numer,kod,miejscowosc) VALUES (8,'Dworcowa','44','81-362','Gdynia');
INSERT INTO adres(id_adres,ulica,numer,kod,miejscowosc) VALUES (9,'Pi³sudkiego','55','11-200','Bartoszyce');
INSERT INTO adres(id_adres,ulica,numer,kod,miejscowosc) VALUES (10,'Bartoszycka','69/3','11-100','Lidzbark Warmiñski');
INSERT INTO adres(id_adres,ulica,numer,kod,miejscowosc) VALUES (11,'Zwyciêstwa','92','11-040','Dobre Miasto');
INSERT INTO adres(id_adres,ulica,numer,kod,miejscowosc) VALUES (12,'Mariañska','34','10-052','Olsztyn');
INSERT INTO adres(id_adres,ulica,numer,kod,miejscowosc) VALUES (13,'Pocztowa','65','11-400','Kêtrzyn');
INSERT INTO adres(id_adres,ulica,numer,kod,miejscowosc) VALUES (14,'Piaskowa','2a/3','11-700','Mr¹gowo');
INSERT INTO adres(id_adres,ulica,numer,kod,miejscowosc) VALUES (15,'Targowy Plac','44a','11-504','Gi¿ycko');
INSERT INTO adres(id_adres,ulica,numer,kod,miejscowosc) VALUES (16,'Saperów','7','82-300','Elbl¹g');
INSERT INTO adres(id_adres,ulica,numer,kod,miejscowosc) VALUES (17,'Niepodleg³oœci','32','83-000','Pruszcz Gdañski');
INSERT INTO adres(id_adres,ulica,numer,kod,miejscowosc) VALUES (18,'Aleja Zwyciêstwa','3c/34','83-102','Tczew');
INSERT INTO adres(id_adres,ulica,numer,kod,miejscowosc) VALUES (19,'Grunwaldzka','63','81-759','Sopot');
INSERT INTO adres(id_adres,ulica,numer,kod,miejscowosc) VALUES (20,'Armii Krajowej','13','83-330','¯ukowo');
INSERT INTO adres(id_adres,ulica,numer,kod,miejscowosc) VALUES (21,'Jachtowa','2','80-680','Sobieszewo');
INSERT INTO adres(id_adres,ulica,numer,kod,miejscowosc) VALUES (22,'Marksa','4/10','11-200','Bartoszyce');
INSERT INTO adres(id_adres,ulica,numer,kod,miejscowosc) VALUES (23,'Koœciuszki','22a','14-104','Ostróda');
INSERT INTO adres(id_adres,ulica,numer,kod,miejscowosc) VALUES (24,'Zamkowa','2','13-100','Nidzica');
INSERT INTO adres(id_adres,ulica,numer,kod,miejscowosc) VALUES (25,'11 Listopada','7','14-300','Mor¹g');
INSERT INTO adres(id_adres,ulica,numer,kod,miejscowosc) VALUES (26,'PCK','4','14-502','Braniewo');
INSERT INTO adres(id_adres,ulica,numer,kod,miejscowosc) VALUES (27,'Pi³sudskiego','10','83-330','Kartuzy');
INSERT INTO adres(id_adres,ulica,numer,kod,miejscowosc) VALUES (28,'Wejherowska','4a/9','84-240','Reda');
INSERT INTO adres(id_adres,ulica,numer,kod,miejscowosc) VALUES (29,'Zawiszy Czarnego','7/4','14-104','Ostróda');
INSERT INTO adres(id_adres,ulica,numer,kod,miejscowosc) VALUES (30,'Modra','12','84-200','Wejherowo');
INSERT INTO adres(id_adres,ulica,numer,kod,miejscowosc) VALUES (31,'Marcinkowskiego','1','84-310','Lêbork');
INSERT INTO adres(id_adres,ulica,numer,kod,miejscowosc) VALUES (32,'Portowa','5','76-200','S³upsk');
INSERT INTO adres(id_adres,ulica,numer,kod,miejscowosc) VALUES (33,'M³yñska','37','75-420','Koszalin');
INSERT INTO adres(id_adres,ulica,numer,kod,miejscowosc) VALUES (34,'Arkoñska','4','71-455','Kartuzy');
INSERT INTO adres(id_adres,ulica,numer,kod,miejscowosc) VALUES (35,'Wa³owa','15','80-980','Kartuzy');
INSERT INTO adres(id_adres,ulica,numer,kod,miejscowosc) VALUES (36,'Wróblewskiego','17','14-300','Mor¹g');
INSERT INTO adres(id_adres,ulica,numer,kod,miejscowosc) VALUES (37,'Wzgórze Wolnoœci','3','83-300','Kartuzy');
INSERT INTO adres(id_adres,ulica,numer,kod,miejscowosc) VALUES (38,'Piwna','50/51','80-831','Gdañsk');
INSERT INTO adres(id_adres,ulica,numer,kod,miejscowosc) VALUES (39,'Ko³obrzeska','49','80-391','Gdañsk');
INSERT INTO adres(id_adres,ulica,numer,kod,miejscowosc) VALUES (40,'Robotnicza','39','70-953','Szczecin');
INSERT INTO adres(id_adres,ulica,numer,kod,miejscowosc) VALUES (41,'GnieŸnieñska','8','75-736','Koszalin');
INSERT INTO adres(id_adres,ulica,numer,kod,miejscowosc) VALUES (42,'Sikorskiego','39','11-200','Bartoszyce');
INSERT INTO adres(id_adres,ulica,numer,kod,miejscowosc) VALUES (43,'23 Marca','8/13','81-820','Sopot');
INSERT INTO adres(id_adres,ulica,numer,kod,miejscowosc) VALUES (44,'Szeroka','1/1','80-800','Gdañsk');
INSERT INTO adres(id_adres,ulica,numer,kod,miejscowosc) VALUES (45,'Nowomiejska','3/2','81-111','Toruñ');
INSERT INTO adres(id_adres,ulica,numer,kod,miejscowosc) VALUES (46,'Krakowskie Przedmieœcia','121/1','00-120','Warszawa');
INSERT INTO adres(id_adres,ulica,numer,kod,miejscowosc) VALUES (47,'Main Lane','3/3','W5 6XJ','London');
INSERT INTO adres(id_adres,ulica,numer,kod,miejscowosc) VALUES (48,'Zelka','35','32-332','Bukowno');
INSERT INTO adres(id_adres,ulica,numer,kod,miejscowosc) VALUES (49,'Aleje Jerozolimskie','11','00-090','Warszawa');
INSERT INTO adres(id_adres,ulica,numer,kod,miejscowosc) VALUES (50,'Aleja Jana Paw³a II','123/11','80-010','Gdañsk');
INSERT INTO adres(id_adres,ulica,numer,kod,miejscowosc) VALUES (51,'Aleja Niepodlegoœci','341/23','82-102','Sopot');
INSERT INTO adres(id_adres,ulica,numer,kod,miejscowosc) VALUES (52,'Batorego','11A/3','81-111','Gdañsk');
INSERT INTO adres(id_adres,ulica,numer,kod,miejscowosc) VALUES (53,'Obroñców Wybrze¿a','29A/5','82-222','Gdañsk');
INSERT INTO adres(id_adres,ulica,numer,kod,miejscowosc) VALUES (54,'Marsza³kowska','12','00-950','Warszawa');

INSERT INTO klient(id_klient,id_adres,imie,nazwisko,pesel,telefon,email,haslo,rabat,data_dodania) VALUES (1,10,'Jan','Drzewo','7824682853','587428964','jandrzewo@gmail.com','sadzonka',5,'1991-05-15 08:00');
INSERT INTO klient(id_klient,id_adres,imie,nazwisko,pesel,telefon,email,haslo,rabat,data_dodania) VALUES (2,9,'Mateusz','Kowalski','7891234568','147963357','mateuszkowalski@gmail.com','kowal',5,'2013-11-02 09:35');
INSERT INTO klient(id_klient,id_adres,imie,nazwisko,pesel,telefon,email,haslo,rabat,data_dodania) VALUES (3,8,'Franciszek','Tusk','7539518526','851964785','fracniszektusk@gmail.com','kaczynski',5,'2013-06-22 14:35');
INSERT INTO klient(id_klient,id_adres,imie,nazwisko,pesel,telefon,email,haslo,rabat,data_dodania) VALUES (4,7,'£ukasz','Podolski','7538462785','823657425','lukaszpodolski@gmail.com','goool',5,'2012-09-06 18:25');
INSERT INTO klient(id_klient,id_adres,imie,nazwisko,pesel,telefon,email,haslo,rabat,data_dodania) VALUES (5,6,'Cristiano','Ronaldo','8369997578','692710158','cristianoronaldo@gmail.com','lubiezel',10,'2012-02-02 12:25');
INSERT INTO klient(id_klient,id_adres,imie,nazwisko,pesel,telefon,email,haslo,rabat,data_dodania) VALUES (6,5,'Robert','Lewandowski','8796235425','134679825','robertlewandowski@gmail.com','niestrzelamdlapolski',10,'2011-05-22 17:25');
INSERT INTO klient(id_klient,id_adres,imie,nazwisko,pesel,telefon,email,haslo,rabat,data_dodania) VALUES (7,4,'Adam','Ma³ysz','5374029857','463280196','adammalysz@gmail.com','lubiewiatr',10,'2013-03-10 11:02');
INSERT INTO klient(id_klient,id_adres,imie,nazwisko,pesel,telefon,email,haslo,rabat,data_dodania) VALUES (8,3,'Piotr','¯yla','5750987461','490159426','piotrzyla@gmail.com','narty',10,'2009-12-22 10:45');
INSERT INTO klient(id_klient,id_adres,imie,nazwisko,pesel,telefon,email,haslo,rabat,data_dodania) VALUES (9,2,'Bill','Gates','5648064816','380684523','billgates@gmail.com','haslo123',1,'2007-12-06 11:18');
INSERT INTO klient(id_klient,id_adres,imie,nazwisko,pesel,telefon,email,haslo,rabat,data_dodania) VALUES (10,1,'Anna','Wróbel','5736984800','624004636','annawrobel@gmail.com','najpierwmasa',2,'2002-07-23 12:11');
INSERT INTO klient(id_klient,id_adres,imie,nazwisko,pesel,telefon,email,haslo,rabat,data_dodania) VALUES (11,20,'Roman','Buk','1112233344','664623837','romanbuk@o2.pl','password',3,'1900-01-01 00:00:00');
INSERT INTO klient(id_klient,id_adres,imie,nazwisko,pesel,telefon,email,haslo,rabat,data_dodania) VALUES (12,19,'Tomasz','Skowronek','2923744355','692431884','tomaszskowronek@o2.pl','password',0,'2012-11-02 22:25');
INSERT INTO klient(id_klient,id_adres,imie,nazwisko,pesel,telefon,email,haslo,rabat,data_dodania) VALUES (13,18,'Krzysztof','Gonciarz','3734425506','730010121','krzysztofgonciarz@o2.pl','123456',0,'2013-10-02 21:35');
INSERT INTO klient(id_klient,id_adres,imie,nazwisko,pesel,telefon,email,haslo,rabat,data_dodania) VALUES (14,17,'Robert','Zielinski','6570067138','503366813','robertzielinski@wp.pl','password!',1,'2014-08-02 15:25');
INSERT INTO klient(id_klient,id_adres,imie,nazwisko,pesel,telefon,email,haslo,rabat,data_dodania) VALUES (15,16,'Grzegorz','Paszczak','8890977788','692710158','grzegorzpaszczak@wp.pl','secret',0,'2011-09-02 16:25');
INSERT INTO klient(id_klient,id_adres,imie,nazwisko,pesel,telefon,email,haslo,rabat,data_dodania) VALUES (16,15,'Marek','Podolski','2295318645','586924587','marekpodolski@wp.pl','secret!!',0,'2010-07-02 17:25');
INSERT INTO klient(id_klient,id_adres,imie,nazwisko,pesel,telefon,email,haslo,rabat,data_dodania) VALUES (17,14,'Filip','Kanciarz','6037194725','369258147','filipkanciarz@wp.pl','3wh36pb9',1,'2002-05-02 21:45');
INSERT INTO klient(id_klient,id_adres,imie,nazwisko,pesel,telefon,email,haslo,rabat,data_dodania) VALUES (18,13,'Agata','Gmin','9163729103','123457896','agatagmin@gmail.com','n6gshct9',0,'2003-03-02 21:55');
INSERT INTO klient(id_klient,id_adres,imie,nazwisko,pesel,telefon,email,haslo,rabat,data_dodania) VALUES (19,21,'Monika','Len','7412586322','753951654','monikalen@gmail.com','gh567hgj',0,'2005-04-02 21:35');
INSERT INTO klient(id_klient,id_adres,imie,nazwisko,pesel,telefon,email,haslo,rabat,data_dodania) VALUES (20,22,'Aleksandra','Potocka','7539145688','456789123','aleksandrapotocka@gmail.com','xxxxx',1,'2012-05-02 21:05');
INSERT INTO klient(id_klient,id_adres,imie,nazwisko,pesel,telefon,email,haslo,rabat,data_dodania) VALUES (21,12,'Karolina','Kanigowska','7437589122','888254986','karola123@gmail.com','qazrfv',2,'2007-05-08 22:35');
INSERT INTO klient(id_klient,id_adres,imie,nazwisko,pesel,telefon,email,haslo,rabat,data_dodania) VALUES (22,11,'Tomasz','Radzewicz','7748021588','517534765','radzetom68@o2.pl','1qaz4rfv',3,'2012-08-13 21:27');
INSERT INTO klient(id_klient,id_adres,imie,nazwisko,pesel,telefon,email,haslo,rabat,data_dodania) VALUES (23,52,'Juliusz','Machulski','71031201023','555333555','julius@o2.pl','123asd',3,'2012-08-13 21:27');
INSERT INTO klient(id_klient,id_adres,imie,nazwisko,pesel,telefon,email,haslo,rabat,data_dodania) VALUES (24,53,'Kazimierz','Jagielloñczyk','22011005321','587210309','brak','qwe321',4,'2012-08-13 21:27');

INSERT INTO kategoria(id_kategoria,nazwa)VALUES (1,'Obuwie');
INSERT INTO kategoria(id_kategoria,nazwa)VALUES (2,'Odzie¿');
INSERT INTO kategoria(id_kategoria,nazwa)VALUES (3,'Alkohole');
INSERT INTO kategoria(id_kategoria,nazwa)VALUES (4,'Artyku³y szkolne');
INSERT INTO kategoria(id_kategoria,nazwa)VALUES (5,'Prasa');
INSERT INTO kategoria(id_kategoria,nazwa)VALUES (6,'Ksi¹¿ki');
INSERT INTO kategoria(id_kategoria,nazwa)VALUES (7,'Komputery');
INSERT INTO kategoria(id_kategoria,nazwa)VALUES (8,'Kosmetyki');
INSERT INTO kategoria(id_kategoria,nazwa)VALUES (9,'Ogród');
INSERT INTO kategoria(id_kategoria,nazwa)VALUES (10,'Miêso');
INSERT INTO kategoria(id_kategoria,nazwa)VALUES (11,'Nabia³');
INSERT INTO kategoria(id_kategoria,nazwa)VALUES (12,'Pieczywo');
INSERT INTO kategoria(id_kategoria,nazwa)VALUES (13,'Sprzêt AGD');
INSERT INTO kategoria(id_kategoria,nazwa)VALUES (14,'Tytoñ');
INSERT INTO kategoria(id_kategoria,nazwa)VALUES (15,'Lekarstwa');
INSERT INTO kategoria(id_kategoria,nazwa)VALUES (16,'Meble');
INSERT INTO kategoria(id_kategoria,nazwa)VALUES (17,'Sztuka');
INSERT INTO kategoria(id_kategoria,nazwa)VALUES (18,'Warzywa');
INSERT INTO kategoria(id_kategoria,nazwa)VALUES (19,'Owoce');
INSERT INTO kategoria(id_kategoria,nazwa)VALUES (20,'Sprzêt RTV');

INSERT INTO podkategoria(id_podkategoria,id_kategoria,nazwa)VALUES (1,1,'Kapcie');
INSERT INTO podkategoria(id_podkategoria,id_kategoria,nazwa)VALUES (2,1,'Sportowe');
INSERT INTO podkategoria(id_podkategoria,id_kategoria,nazwa)VALUES (3,2,'Kurtki');
INSERT INTO podkategoria(id_podkategoria,id_kategoria,nazwa)VALUES (4,2,'Spodnie');
INSERT INTO podkategoria(id_podkategoria,id_kategoria,nazwa)VALUES (5,2,'Koszulki');
INSERT INTO podkategoria(id_podkategoria,id_kategoria,nazwa)VALUES (6,3,'Whisky');
INSERT INTO podkategoria(id_podkategoria,id_kategoria,nazwa)VALUES (7,3,'Wino');
INSERT INTO podkategoria(id_podkategoria,id_kategoria,nazwa)VALUES (8,3,'Wódka');
INSERT INTO podkategoria(id_podkategoria,id_kategoria,nazwa)VALUES (9,4,'D³ugopisy');
INSERT INTO podkategoria(id_podkategoria,id_kategoria,nazwa)VALUES (10,4,'Zeszyty');
INSERT INTO podkategoria(id_podkategoria,id_kategoria,nazwa)VALUES (11,5,'Tygodniki');
INSERT INTO podkategoria(id_podkategoria,id_kategoria,nazwa)VALUES (12,5,'Miesiêczniki');
INSERT INTO podkategoria(id_podkategoria,id_kategoria,nazwa)VALUES (13,6,'Komiksy');
INSERT INTO podkategoria(id_podkategoria,id_kategoria,nazwa)VALUES (14,6,'Przygodowe');
INSERT INTO podkategoria(id_podkategoria,id_kategoria,nazwa)VALUES (15,6,'Horrory');
INSERT INTO podkategoria(id_podkategoria,id_kategoria,nazwa)VALUES (16,7,'Laptopy');
INSERT INTO podkategoria(id_podkategoria,id_kategoria,nazwa)VALUES (17,7,'Komputery stacjonarne');
INSERT INTO podkategoria(id_podkategoria,id_kategoria,nazwa)VALUES (18,8,'Szminki');
INSERT INTO podkategoria(id_podkategoria,id_kategoria,nazwa)VALUES (19,8,'Lakiery do paznokci');
INSERT INTO podkategoria(id_podkategoria,id_kategoria,nazwa)VALUES (20,10,'Wieprzowina');
INSERT INTO podkategoria(id_podkategoria,id_kategoria,nazwa)VALUES (21,10,'Drób');
INSERT INTO podkategoria(id_podkategoria,id_kategoria,nazwa)VALUES (23,9,'Kwiaty');
INSERT INTO podkategoria(id_podkategoria,id_kategoria,nazwa)VALUES (24,14,'Papierosy');
INSERT INTO podkategoria(id_podkategoria,id_kategoria,nazwa)VALUES (25,8,'Perfumy');
INSERT INTO podkategoria(id_podkategoria,id_kategoria,nazwa)VALUES (26,9,'Sprzêt ogrodowy');
INSERT INTO podkategoria(id_podkategoria,id_kategoria,nazwa)VALUES (27,12,'Bu³ki');
INSERT INTO podkategoria(id_podkategoria,id_kategoria,nazwa)VALUES (28,11,'Jaja');
INSERT INTO podkategoria(id_podkategoria,id_kategoria,nazwa)VALUES (29,14,'Cygara');
INSERT INTO podkategoria(id_podkategoria,id_kategoria,nazwa)VALUES (30,15,'Przeciwbólowe');
INSERT INTO podkategoria(id_podkategoria,id_kategoria,nazwa)VALUES (31,7,'Ram');
INSERT INTO podkategoria(id_podkategoria,id_kategoria,nazwa)VALUES (32,16,'Krzes³a');
INSERT INTO podkategoria(id_podkategoria,id_kategoria,nazwa)VALUES (33,13,'Pralki');
INSERT INTO podkategoria(id_podkategoria,id_kategoria,nazwa)VALUES (34,18,'Bulwiaste');
INSERT INTO podkategoria(id_podkategoria,id_kategoria,nazwa)VALUES (35,17,'Obrazy');
INSERT INTO podkategoria(id_podkategoria,id_kategoria,nazwa)VALUES (36,19,'Cytrusy');
INSERT INTO podkategoria(id_podkategoria,id_kategoria,nazwa)VALUES (37,20,'Telewizory');
INSERT INTO podkategoria(id_podkategoria,id_kategoria,nazwa)VALUES (38,20,'Radia');
INSERT INTO podkategoria(id_podkategoria,id_kategoria,nazwa)VALUES (39,16,'Drzwi');
INSERT INTO podkategoria(id_podkategoria,id_kategoria,nazwa)VALUES (40,16,'Sto³y');

INSERT INTO producent(id_producent,id_adres,nazwa)VALUES (1,21,'Adidas');
INSERT INTO producent(id_producent,id_adres,nazwa)VALUES (2,22,'Diverse');
INSERT INTO producent(id_producent,id_adres,nazwa)VALUES (3,23,'Lee');
INSERT INTO producent(id_producent,id_adres,nazwa)VALUES (4,24,'Johny Walker');
INSERT INTO producent(id_producent,id_adres,nazwa)VALUES (5,25,'Nike');
INSERT INTO producent(id_producent,id_adres,nazwa)VALUES (6,26,'LM');
INSERT INTO producent(id_producent,id_adres,nazwa)VALUES (7,27,'Oxford');
INSERT INTO producent(id_producent,id_adres,nazwa)VALUES (8,28,'PC Format');
INSERT INTO producent(id_producent,id_adres,nazwa)VALUES (9,29,'Literkowy sza³');
INSERT INTO producent(id_producent,id_adres,nazwa)VALUES (10,30,'Dell');
INSERT INTO producent(id_producent,id_adres,nazwa)VALUES (11,31,'Lacoste');
INSERT INTO producent(id_producent,id_adres,nazwa)VALUES (12,32,'Altrad');
INSERT INTO producent(id_producent,id_adres,nazwa)VALUES (13,33,'Mróz');
INSERT INTO producent(id_producent,id_adres,nazwa)VALUES (14,34,'Eko-Wital');
INSERT INTO producent(id_producent,id_adres,nazwa)VALUES (15,35,'Multico');
INSERT INTO producent(id_producent,id_adres,nazwa)VALUES (16,36,'Kiepenkerl');
INSERT INTO producent(id_producent,id_adres,nazwa)VALUES (17,37,'Bolivar');
INSERT INTO producent(id_producent,id_adres,nazwa)VALUES (18,38,'US Farmacja');
INSERT INTO producent(id_producent,id_adres,nazwa)VALUES (19,39,'Goodram');
INSERT INTO producent(id_producent,id_adres,nazwa)VALUES (20,40,'Grospol');
INSERT INTO producent(id_producent,id_adres,nazwa)VALUES (21,41,'Carlo Rossi');
INSERT INTO producent(id_producent,id_adres,nazwa)VALUES (22,42,'Astor');
INSERT INTO producent(id_producent,id_adres,nazwa)VALUES (23,44,'Absolwent');
INSERT INTO producent(id_producent,id_adres,nazwa)VALUES (24,43,'BIC');
INSERT INTO producent(id_producent,id_adres,nazwa)VALUES (25,45,'Lenovo');
INSERT INTO producent(id_producent,id_adres,nazwa)VALUES (26,46,'Essie');
INSERT INTO producent(id_producent,id_adres,nazwa)VALUES (27,47,'Oficyna Naukowa');
INSERT INTO producent(id_producent,id_adres,nazwa)VALUES (28,48,'Bosch');
INSERT INTO producent(id_producent,id_adres,nazwa)VALUES (29,49,'Jan Matejko Company');
INSERT INTO producent(id_producent,id_adres,nazwa)VALUES (30,52,'ABC AGD');


INSERT INTO produkt(id_produkt,id_producent,id_podkategoria,nazwa,opis,cena_netto,podatek,ilosc_sztuk_magazyn) VALUES(1,1,2,'F5 TRX FG','Pi³karskie korki',229,23,1000);
INSERT INTO produkt(id_produkt,id_producent,id_podkategoria,nazwa,opis,cena_netto,podatek,ilosc_sztuk_magazyn) VALUES(2,2,3,'Kurtka Rastrum Ir','Ciep³a zimowa kurtka',480,23,50);
INSERT INTO produkt(id_produkt,id_producent,id_podkategoria,nazwa,opis,cena_netto,podatek,ilosc_sztuk_magazyn) VALUES(3,3,4,'Lynn Skinny','Dopasowane spodnie jeansowe',259,23,9100);
INSERT INTO produkt(id_produkt,id_producent,id_podkategoria,nazwa,opis,cena_netto,podatek,ilosc_sztuk_magazyn) VALUES(4,4,6,'Black Label','Najlepsze 12-nasto letnia whisky',67,23,1250);
INSERT INTO produkt(id_produkt,id_producent,id_podkategoria,nazwa,opis,cena_netto,podatek,ilosc_sztuk_magazyn) VALUES(5,5,2,'Dual Fusion','Buty do biegania',269,23,1000);
INSERT INTO produkt(id_produkt,id_producent,id_podkategoria,nazwa,opis,cena_netto,podatek,ilosc_sztuk_magazyn) VALUES(6,6,24,'Link Menthol','Delikatne mentolowe',12.90,23,2110);
INSERT INTO produkt(id_produkt,id_producent,id_podkategoria,nazwa,opis,cena_netto,podatek,ilosc_sztuk_magazyn) VALUES(7,7,10,'Zeszyt w linie','60 kartkowy',3,8,10000);
INSERT INTO produkt(id_produkt,id_producent,id_podkategoria,nazwa,opis,cena_netto,podatek,ilosc_sztuk_magazyn) VALUES(8,8,12,'Czasopismo komputerowe','Najnowsze wydanie',5.99,8,100);
INSERT INTO produkt(id_produkt,id_producent,id_podkategoria,nazwa,opis,cena_netto,podatek,ilosc_sztuk_magazyn) VALUES(9,9,13,'Komiks o Kaczor Donald','Lakierowane strony',19,8,1150);
INSERT INTO produkt(id_produkt,id_producent,id_podkategoria,nazwa,opis,cena_netto,podatek,ilosc_sztuk_magazyn) VALUES(10,10,16,'Dell Latitude','i7-4900MQ AMD RADEON HD 8790M',6690,23,80);
INSERT INTO produkt(id_produkt,id_producent,id_podkategoria,nazwa,opis,cena_netto,podatek,ilosc_sztuk_magazyn) VALUES(11,11,25,'Elegance','Dla mê¿czyzn',169,23,150);
INSERT INTO produkt(id_produkt,id_producent,id_podkategoria,nazwa,opis,cena_netto,podatek,ilosc_sztuk_magazyn) VALUES(12,12,26,'Taczka stalowa spawana','wytrzymala',199,23,110);
INSERT INTO produkt(id_produkt,id_producent,id_podkategoria,nazwa,opis,cena_netto,podatek,ilosc_sztuk_magazyn) VALUES(13,13,20,'Karkowka bez koœci','1kg',15.90,8,110);
INSERT INTO produkt(id_produkt,id_producent,id_podkategoria,nazwa,opis,cena_netto,podatek,ilosc_sztuk_magazyn) VALUES(14,14,28,'Jaja œwie¿e','BIO',11,8,1000);
INSERT INTO produkt(id_produkt,id_producent,id_podkategoria,nazwa,opis,cena_netto,podatek,ilosc_sztuk_magazyn) VALUES(15,5,27,'Kajzerka','Dzisiejsza',1,8,250);
INSERT INTO produkt(id_produkt,id_producent,id_podkategoria,nazwa,opis,cena_netto,podatek,ilosc_sztuk_magazyn) VALUES(16,16,23,'Pelargonia cytrynowa','Balkonowa',7,23,650);
INSERT INTO produkt(id_produkt,id_producent,id_podkategoria,nazwa,opis,cena_netto,podatek,ilosc_sztuk_magazyn) VALUES(17,17,29,'Cygara kubañskie','Oryginalne',45,23,950);
INSERT INTO produkt(id_produkt,id_producent,id_podkategoria,nazwa,opis,cena_netto,podatek,ilosc_sztuk_magazyn) VALUES(18,18,30,'Ibuprom','Tabletki na ból g³owy',10,23,2000);
INSERT INTO produkt(id_produkt,id_producent,id_podkategoria,nazwa,opis,cena_netto,podatek,ilosc_sztuk_magazyn) VALUES(19,19,31,'RAM','1024MB 1333MHz CL9',46,23,50);
INSERT INTO produkt(id_produkt,id_producent,id_podkategoria,nazwa,opis,cena_netto,podatek,ilosc_sztuk_magazyn) VALUES(20,20,32,'Fotel Opimal','Gwarancja 3 lata',280,23,80);
INSERT INTO produkt(id_produkt,id_producent,id_podkategoria,nazwa,opis,cena_netto,podatek,ilosc_sztuk_magazyn) VALUES(21,21,7,'Wino','Pó³wytrawne ró¿owe',23,23,520);
INSERT INTO produkt(id_produkt,id_producent,id_podkategoria,nazwa,opis,cena_netto,podatek,ilosc_sztuk_magazyn) VALUES(22,22,18,'Szminka','VIP Heidi Klu',29,23,820);
INSERT INTO produkt(id_produkt,id_producent,id_podkategoria,nazwa,opis,cena_netto,podatek,ilosc_sztuk_magazyn) VALUES(23,23,8,'Wódka Absolwent','0.7l',32,23,111);
INSERT INTO produkt(id_produkt,id_producent,id_podkategoria,nazwa,opis,cena_netto,podatek,ilosc_sztuk_magazyn) VALUES(24,24,9,'D³ugopis czarny','8cm',1,23,1000);
INSERT INTO produkt(id_produkt,id_producent,id_podkategoria,nazwa,opis,cena_netto,podatek,ilosc_sztuk_magazyn) VALUES(25,25,17,'Lenovo H520','500GB HDD, Intel Celeron Dual-Core G1610',800,23,32);
INSERT INTO produkt(id_produkt,id_producent,id_podkategoria,nazwa,opis,cena_netto,podatek,ilosc_sztuk_magazyn) VALUES(26,26,19,'Essie Madison Ave-Hue no. 821','Kolor z najnowszej kolekcji Spring 2013.',9,23,121);
INSERT INTO produkt(id_produkt,id_producent,id_podkategoria,nazwa,opis,cena_netto,podatek,ilosc_sztuk_magazyn) VALUES(27,27,14,'Winnetou','Tom 1',16,23,10);
INSERT INTO produkt(id_produkt,id_producent,id_podkategoria,nazwa,opis,cena_netto,podatek,ilosc_sztuk_magazyn) VALUES(28,27,15,'Carrie','Pierwsza powa¿na powieœæ autora.',18,23,20);
INSERT INTO produkt(id_produkt,id_producent,id_podkategoria,nazwa,opis,cena_netto,podatek,ilosc_sztuk_magazyn) VALUES(29,13,21,'Skrzyde³ka','1kg',7,23,30);
INSERT INTO produkt(id_produkt,id_producent,id_podkategoria,nazwa,opis,cena_netto,podatek,ilosc_sztuk_magazyn) VALUES(30,13,21,'Pierœ','1kg',13,23,20);
INSERT INTO produkt(id_produkt,id_producent,id_podkategoria,nazwa,opis,cena_netto,podatek,ilosc_sztuk_magazyn) VALUES(31,2,5,'T-Shirt I am God','zielony z bia³ym napisem',33,23,9);
INSERT INTO produkt(id_produkt,id_producent,id_podkategoria,nazwa,opis,cena_netto,podatek,ilosc_sztuk_magazyn) VALUES(32,8,11,'Tygodnik Komputerowy','Najnowsze wydanie',4,23,99);
INSERT INTO produkt(id_produkt,id_producent,id_podkategoria,nazwa,opis,cena_netto,podatek,ilosc_sztuk_magazyn) VALUES(33,28,33,'Bosch KX1120','Bêben 5kg',1300,23,5);
INSERT INTO produkt(id_produkt,id_producent,id_podkategoria,nazwa,opis,cena_netto,podatek,ilosc_sztuk_magazyn) VALUES(34,14,34,'Ziemniak','1kg',1,23,105);
INSERT INTO produkt(id_produkt,id_producent,id_podkategoria,nazwa,opis,cena_netto,podatek,ilosc_sztuk_magazyn) VALUES(35,29,35,'Bitwa pod Grunwaldem','Mistrzowska kopia!',5000,8,1);
INSERT INTO produkt(id_produkt,id_producent,id_podkategoria,nazwa,opis,cena_netto,podatek,ilosc_sztuk_magazyn) VALUES(36,28,37,'Telewizor 37 cali','LED',1200,23,40);
INSERT INTO produkt(id_produkt,id_producent,id_podkategoria,nazwa,opis,cena_netto,podatek,ilosc_sztuk_magazyn) VALUES(37,14,36,'Pomarañcza','1kg',3,23,200);
INSERT INTO produkt(id_produkt,id_producent,id_podkategoria,nazwa,opis,cena_netto,podatek,ilosc_sztuk_magazyn) VALUES(38,2,1,'Kapcie z we³ny owczej','100% naturalnej we³ny',18,23,50);

INSERT INTO pracownik(id_pracownik,id_adres,imie,nazwisko,data_zatrudnienia,pensja,dodatek,stanowisko) VALUES (1,31,'Adam','Baran','2007-09-07',4000,200,'sprzedawca');
INSERT INTO pracownik(id_pracownik,id_adres,imie,nazwisko,data_zatrudnienia,pensja,dodatek,stanowisko) VALUES (2,32,'Karol','Walentynowicz','2008-01-03',5000,NULL,'kierownik');
INSERT INTO pracownik(id_pracownik,id_adres,imie,nazwisko,data_zatrudnienia,pensja,dodatek,stanowisko) VALUES (3,33,'Maciej','Piast','2009-11-11',6000,100,'sprzedawca');
INSERT INTO pracownik(id_pracownik,id_adres,imie,nazwisko,data_zatrudnienia,pensja,dodatek,stanowisko) VALUES (4,34,'Sebastian','Sowa','2010-05-12',3500,NULL,'manager');
INSERT INTO pracownik(id_pracownik,id_adres,imie,nazwisko,data_zatrudnienia,pensja,dodatek,stanowisko) VALUES (5,35,'Piotr','Filipek','2011-10-11',3500,300,'sprzedawca');
INSERT INTO pracownik(id_pracownik,id_adres,imie,nazwisko,data_zatrudnienia,pensja,dodatek,stanowisko) VALUES (6,36,'Szymon','Kaczmarek','2012-03-10',4100,50,'ksiêgowy');
INSERT INTO pracownik(id_pracownik,id_adres,imie,nazwisko,data_zatrudnienia,pensja,dodatek,stanowisko) VALUES (7,37,'Jaros³aw','Nadolski','2013-04-04',2900,NULL,'sprzedawca');
INSERT INTO pracownik(id_pracownik,id_adres,imie,nazwisko,data_zatrudnienia,pensja,dodatek,stanowisko) VALUES (8,38,'Dawid','Mach','2012-08-09',2600,300,'ksiêgowy');
INSERT INTO pracownik(id_pracownik,id_adres,imie,nazwisko,data_zatrudnienia,pensja,dodatek,stanowisko) VALUES (9,39,'Darek','Bizewski','2011-09-01',3800,500,'sprzedawca');
INSERT INTO pracownik(id_pracownik,id_adres,imie,nazwisko,data_zatrudnienia,pensja,dodatek,stanowisko) VALUES (10,40,'Patryk','Lachs','2010-03-04',9000,NULL,'dyrektor');
INSERT INTO pracownik(id_pracownik,id_adres,imie,nazwisko,data_zatrudnienia,pensja,dodatek,stanowisko)VALUES (11,41,'Mariusz','Marzec','2012-02-12',4000,200,'sprzedawca');
INSERT INTO pracownik(id_pracownik,id_adres,imie,nazwisko,data_zatrudnienia,pensja,dodatek,stanowisko)VALUES (12,42,'Robert','Marciniak','2011-10-08',8500,500,'kierownik');
INSERT INTO pracownik(id_pracownik,id_adres,imie,nazwisko,data_zatrudnienia,pensja,dodatek,stanowisko)VALUES (13,50,'Jan','D³ugobrody','2013-01-12',4200,NULL,'manager');
INSERT INTO pracownik(id_pracownik,id_adres,imie,nazwisko,data_zatrudnienia,pensja,dodatek,stanowisko)VALUES (14,51,'Julia','Kowalska','2013-08-11',3400,100,'manager');

INSERT INTO zamowienie(id_zamowienie,id_pracownik,id_klient,data_zamowienia,cena_netto_dostawy,podatek) VALUES (1,1,10,'2011-03-06 11:35',100,23);
INSERT INTO zamowienie(id_zamowienie,id_pracownik,id_klient,data_zamowienia,cena_netto_dostawy,podatek) VALUES (2,2,9,'2011-12-17 13:23',100,23);
INSERT INTO zamowienie(id_zamowienie,id_pracownik,id_klient,data_zamowienia,cena_netto_dostawy,podatek) VALUES (3,3,8,'2012-03-12 12:15',100,23);
INSERT INTO zamowienie(id_zamowienie,id_pracownik,id_klient,data_zamowienia,cena_netto_dostawy,podatek) VALUES (4,4,7,'2012-04-17 09:56',100,23);
INSERT INTO zamowienie(id_zamowienie,id_pracownik,id_klient,data_zamowienia,cena_netto_dostawy,podatek) VALUES (5,6,5,'2012-07-10 10:45',100,23);
INSERT INTO zamowienie(id_zamowienie,id_pracownik,id_klient,data_zamowienia,cena_netto_dostawy,podatek) VALUES (6,6,5,'2012-09-01 08:38',100,23);
INSERT INTO zamowienie(id_zamowienie,id_pracownik,id_klient,data_zamowienia,cena_netto_dostawy,podatek) VALUES (7,6,4,'2012-11-12 09:56',100,23);
INSERT INTO zamowienie(id_zamowienie,id_pracownik,id_klient,data_zamowienia,cena_netto_dostawy,podatek) VALUES (8,8,3,'2012-11-14 11:54',100,23);
INSERT INTO zamowienie(id_zamowienie,id_pracownik,id_klient,data_zamowienia,cena_netto_dostawy,podatek) VALUES (9,9,2,'2012-11-16 13:59',100,23);
INSERT INTO zamowienie(id_zamowienie,id_pracownik,id_klient,data_zamowienia,cena_netto_dostawy,podatek) VALUES (10,10,1,'2013-02-14 10:16',100,23);
INSERT INTO zamowienie(id_zamowienie,id_pracownik,id_klient,data_zamowienia,cena_netto_dostawy,podatek) VALUES (11,1,10,'2013-02-16 09:35',100,23);
INSERT INTO zamowienie(id_zamowienie,id_pracownik,id_klient,data_zamowienia,cena_netto_dostawy,podatek) VALUES (12,2,9,'2013-03-14 08:55',100,23);
INSERT INTO zamowienie(id_zamowienie,id_pracownik,id_klient,data_zamowienia,cena_netto_dostawy,podatek) VALUES (13,3,2,'2013-03-19 12:45',100,23);
INSERT INTO zamowienie(id_zamowienie,id_pracownik,id_klient,data_zamowienia,cena_netto_dostawy,podatek) VALUES (14,4,7,'2013-04-08 07:25',100,23);
INSERT INTO zamowienie(id_zamowienie,id_pracownik,id_klient,data_zamowienia,cena_netto_dostawy,podatek) VALUES (15,5,6,'2013-05-22 10:35',100,23);
INSERT INTO zamowienie(id_zamowienie,id_pracownik,id_klient,data_zamowienia,cena_netto_dostawy,podatek) VALUES (16,5,5,'2013-06-01 12:25',100,23);
INSERT INTO zamowienie(id_zamowienie,id_pracownik,id_klient,data_zamowienia,cena_netto_dostawy,podatek) VALUES (17,5,4,'2013-07-26 11:25',60,23);
INSERT INTO zamowienie(id_zamowienie,id_pracownik,id_klient,data_zamowienia,cena_netto_dostawy,podatek) VALUES (18,6,5,'2013-08-17 09:25',10,23);
INSERT INTO zamowienie(id_zamowienie,id_pracownik,id_klient,data_zamowienia,cena_netto_dostawy,podatek) VALUES (19,9,2,'2013-09-02 08:25',70,23);
INSERT INTO zamowienie(id_zamowienie,id_pracownik,id_klient,data_zamowienia,cena_netto_dostawy,podatek) VALUES (20,10,2,'2012-05-02 11:05',60,23);
INSERT INTO zamowienie(id_zamowienie,id_pracownik,id_klient,data_zamowienia,cena_netto_dostawy,podatek) VALUES (21,5,19,'2013-11-23 12:05',40,23);
INSERT INTO zamowienie(id_zamowienie,id_pracownik,id_klient,data_zamowienia,cena_netto_dostawy,podatek) VALUES (22,12,20,'2012-10-08 13:45',70,23);
INSERT INTO zamowienie(id_zamowienie,id_pracownik,id_klient,data_zamowienia,cena_netto_dostawy,podatek) VALUES (23,13,23,'2013-09-11 11:05',50,23);
INSERT INTO zamowienie(id_zamowienie,id_pracownik,id_klient,data_zamowienia,cena_netto_dostawy,podatek) VALUES (24,14,24,'2013-10-11 16:45',50,23);
INSERT INTO zamowienie(id_zamowienie,id_pracownik,id_klient,data_zamowienia,cena_netto_dostawy,podatek) VALUES (25,14,24,'2013-10-12 16:46',50,123);

INSERT INTO koszyk(id_zamowienie,id_produkt,cena_netto,podatek,ilosc_sztuk) VALUES (1,1,229,23,1100);
INSERT INTO koszyk(id_zamowienie,id_produkt,cena_netto,podatek,ilosc_sztuk) VALUES (1,38,18,23,1);
INSERT INTO koszyk(id_zamowienie,id_produkt,cena_netto,podatek,ilosc_sztuk) VALUES (1,2,480,23,4);
INSERT INTO koszyk(id_zamowienie,id_produkt,cena_netto,podatek,ilosc_sztuk) VALUES (1,7,3,23,10);
INSERT INTO koszyk(id_zamowienie,id_produkt,cena_netto,podatek,ilosc_sztuk) VALUES (1,4,67,23,2);
INSERT INTO koszyk(id_zamowienie,id_produkt,cena_netto,podatek,ilosc_sztuk) VALUES (2,5,269,23,13);
INSERT INTO koszyk(id_zamowienie,id_produkt,cena_netto,podatek,ilosc_sztuk) VALUES (2,6,12.90,23,3);
INSERT INTO koszyk(id_zamowienie,id_produkt,cena_netto,podatek,ilosc_sztuk) VALUES (3,7,3,8,4);
INSERT INTO koszyk(id_zamowienie,id_produkt,cena_netto,podatek,ilosc_sztuk) VALUES (3,8,5.99,8,2);
INSERT INTO koszyk(id_zamowienie,id_produkt,cena_netto,podatek,ilosc_sztuk) VALUES (3,23,32,23,2);
INSERT INTO koszyk(id_zamowienie,id_produkt,cena_netto,podatek,ilosc_sztuk) VALUES (4,9,19,8,1);
INSERT INTO koszyk(id_zamowienie,id_produkt,cena_netto,podatek,ilosc_sztuk) VALUES (4,10,6690,23,1);
INSERT INTO koszyk(id_zamowienie,id_produkt,cena_netto,podatek,ilosc_sztuk) VALUES (4,11,169,23,1);
INSERT INTO koszyk(id_zamowienie,id_produkt,cena_netto,podatek,ilosc_sztuk) VALUES (5,12,199,23,1);
INSERT INTO koszyk(id_zamowienie,id_produkt,cena_netto,podatek,ilosc_sztuk) VALUES (5,13,15.90,8,2);
INSERT INTO koszyk(id_zamowienie,id_produkt,cena_netto,podatek,ilosc_sztuk) VALUES (5,14,11,8,20);
INSERT INTO koszyk(id_zamowienie,id_produkt,cena_netto,podatek,ilosc_sztuk) VALUES (5,15,1,8,5);
INSERT INTO koszyk(id_zamowienie,id_produkt,cena_netto,podatek,ilosc_sztuk) VALUES (5,16,7,23,1);
INSERT INTO koszyk(id_zamowienie,id_produkt,cena_netto,podatek,ilosc_sztuk) VALUES (6,16,7,23,1);
INSERT INTO koszyk(id_zamowienie,id_produkt,cena_netto,podatek,ilosc_sztuk) VALUES (6,24,1,23,10);
INSERT INTO koszyk(id_zamowienie,id_produkt,cena_netto,podatek,ilosc_sztuk) VALUES (7,17,45,23,6);
INSERT INTO koszyk(id_zamowienie,id_produkt,cena_netto,podatek,ilosc_sztuk) VALUES (8,18,10,23,2);
INSERT INTO koszyk(id_zamowienie,id_produkt,cena_netto,podatek,ilosc_sztuk) VALUES (9,19,46,23,1);
INSERT INTO koszyk(id_zamowienie,id_produkt,cena_netto,podatek,ilosc_sztuk) VALUES (9,20,280,23,4);
INSERT INTO koszyk(id_zamowienie,id_produkt,cena_netto,podatek,ilosc_sztuk) VALUES (9,1,229,23,11);
INSERT INTO koszyk(id_zamowienie,id_produkt,cena_netto,podatek,ilosc_sztuk) VALUES (10,2,480,23,4);
INSERT INTO koszyk(id_zamowienie,id_produkt,cena_netto,podatek,ilosc_sztuk) VALUES (10,3,259,23,100);
INSERT INTO koszyk(id_zamowienie,id_produkt,cena_netto,podatek,ilosc_sztuk) VALUES (10,4,67,23,2000);
INSERT INTO koszyk(id_zamowienie,id_produkt,cena_netto,podatek,ilosc_sztuk) VALUES (10,5,269,23,1000);
INSERT INTO koszyk(id_zamowienie,id_produkt,cena_netto,podatek,ilosc_sztuk) VALUES (11,6,12.90,23,300);
INSERT INTO koszyk(id_zamowienie,id_produkt,cena_netto,podatek,ilosc_sztuk) VALUES (11,7,3,8,4);
INSERT INTO koszyk(id_zamowienie,id_produkt,cena_netto,podatek,ilosc_sztuk) VALUES (12,8,5.99,8,2);
INSERT INTO koszyk(id_zamowienie,id_produkt,cena_netto,podatek,ilosc_sztuk) VALUES (12,9,19,8,10);
INSERT INTO koszyk(id_zamowienie,id_produkt,cena_netto,podatek,ilosc_sztuk) VALUES (12,10,6690,23,2);
INSERT INTO koszyk(id_zamowienie,id_produkt,cena_netto,podatek,ilosc_sztuk) VALUES (13,11,169,23,11);
INSERT INTO koszyk(id_zamowienie,id_produkt,cena_netto,podatek,ilosc_sztuk) VALUES (13,12,199,8,4);
INSERT INTO koszyk(id_zamowienie,id_produkt,cena_netto,podatek,ilosc_sztuk) VALUES (13,13,15.9,8,10);
INSERT INTO koszyk(id_zamowienie,id_produkt,cena_netto,podatek,ilosc_sztuk) VALUES (13,14,11,8,2);
INSERT INTO koszyk(id_zamowienie,id_produkt,cena_netto,podatek,ilosc_sztuk) VALUES (14,15,1,8,13);
INSERT INTO koszyk(id_zamowienie,id_produkt,cena_netto,podatek,ilosc_sztuk) VALUES (14,16,7,23,3);
INSERT INTO koszyk(id_zamowienie,id_produkt,cena_netto,podatek,ilosc_sztuk) VALUES (14,17,45,23,4);
INSERT INTO koszyk(id_zamowienie,id_produkt,cena_netto,podatek,ilosc_sztuk) VALUES (15,18,10,23,2);
INSERT INTO koszyk(id_zamowienie,id_produkt,cena_netto,podatek,ilosc_sztuk) VALUES (15,19,46,23,1);
INSERT INTO koszyk(id_zamowienie,id_produkt,cena_netto,podatek,ilosc_sztuk) VALUES (16,20,280,23,4);
INSERT INTO koszyk(id_zamowienie,id_produkt,cena_netto,podatek,ilosc_sztuk) VALUES (16,1,229,23,1);
INSERT INTO koszyk(id_zamowienie,id_produkt,cena_netto,podatek,ilosc_sztuk) VALUES (16,2,480,23,1);
INSERT INTO koszyk(id_zamowienie,id_produkt,cena_netto,podatek,ilosc_sztuk) VALUES (17,3,259,23,2);
INSERT INTO koszyk(id_zamowienie,id_produkt,cena_netto,podatek,ilosc_sztuk) VALUES (18,4,67,23,20);
INSERT INTO koszyk(id_zamowienie,id_produkt,cena_netto,podatek,ilosc_sztuk) VALUES (19,5,269,23,5);
INSERT INTO koszyk(id_zamowienie,id_produkt,cena_netto,podatek,ilosc_sztuk) VALUES (20,6,12.90,23,1);
INSERT INTO koszyk(id_zamowienie,id_produkt,cena_netto,podatek,ilosc_sztuk) VALUES (20,7,3,8,6);
INSERT INTO koszyk(id_zamowienie,id_produkt,cena_netto,podatek,ilosc_sztuk) VALUES (20,8,5.99,8,2);
INSERT INTO koszyk(id_zamowienie,id_produkt,cena_netto,podatek,ilosc_sztuk) VALUES (20,9,19,8,1);
INSERT INTO koszyk(id_zamowienie,id_produkt,cena_netto,podatek,ilosc_sztuk) VALUES (20,10,6690,23,2);
INSERT INTO koszyk(id_zamowienie,id_produkt,cena_netto,podatek,ilosc_sztuk) VALUES (21,21,23,13,1);
INSERT INTO koszyk(id_zamowienie,id_produkt,cena_netto,podatek,ilosc_sztuk) VALUES (22,22,29,23,2);
INSERT INTO koszyk(id_zamowienie,id_produkt,cena_netto,podatek,ilosc_sztuk) VALUES (9,25,800,23,1);
INSERT INTO koszyk(id_zamowienie,id_produkt,cena_netto,podatek,ilosc_sztuk) VALUES (22,26,9,23,3);
INSERT INTO koszyk(id_zamowienie,id_produkt,cena_netto,podatek,ilosc_sztuk) VALUES (12,27,16,23,1);
INSERT INTO koszyk(id_zamowienie,id_produkt,cena_netto,podatek,ilosc_sztuk) VALUES (12,28,18,23,1);
INSERT INTO koszyk(id_zamowienie,id_produkt,cena_netto,podatek,ilosc_sztuk) VALUES (5,29,7,23,2);
INSERT INTO koszyk(id_zamowienie,id_produkt,cena_netto,podatek,ilosc_sztuk) VALUES (5,30,13,23,1);
INSERT INTO koszyk(id_zamowienie,id_produkt,cena_netto,podatek,ilosc_sztuk) VALUES (10,31,33,23,1);
INSERT INTO koszyk(id_zamowienie,id_produkt,cena_netto,podatek,ilosc_sztuk) VALUES (3,32,4,23,1);
INSERT INTO koszyk(id_zamowienie,id_produkt,cena_netto,podatek,ilosc_sztuk) VALUES (20,33,1300,23,1);
INSERT INTO koszyk(id_zamowienie,id_produkt,cena_netto,podatek,ilosc_sztuk) VALUES (13,34,1,23,20);
INSERT INTO koszyk(id_zamowienie,id_produkt,cena_netto,podatek,ilosc_sztuk) VALUES (18,35,5000,8,1);
INSERT INTO koszyk(id_zamowienie,id_produkt,cena_netto,podatek,ilosc_sztuk) VALUES (23,1,229,23,1);
INSERT INTO koszyk(id_zamowienie,id_produkt,cena_netto,podatek,ilosc_sztuk) VALUES (24,3,259,23,1);
INSERT INTO koszyk(id_zamowienie,id_produkt,cena_netto,podatek,ilosc_sztuk) VALUES (25,3,259,23,1);

INSERT INTO status (id_status,nazwa,opis) VALUES ('1','z³o¿enie zamówienia','zamówienie zosta³o z³o¿one');
INSERT INTO status (id_status,nazwa,opis) VALUES ('2','oczekiwanie na zap³atê','oczekiwanie na zap³atê klienta');
INSERT INTO status (id_status,nazwa,opis) VALUES ('3','otrzymano zap³atê','zap³ata zosta³a przyjêta');
INSERT INTO status (id_status,nazwa,opis) VALUES ('4','przygotowanie przesy³ki','towar zostaje przygotowywany do wysy³ki');
INSERT INTO status (id_status,nazwa,opis) VALUES ('5','wys³anie przesy³ki','towar zosta³ wys³any');
INSERT INTO status (id_status,nazwa,opis) VALUES ('6','dostarczenie przesy³ki','przesy³ka zosta³a dostarczona');
INSERT INTO status (id_status,nazwa,opis) VALUES ('7','zagubienie przesy³ki','przesy³ka zosta³a zgubiona');
INSERT INTO status (id_status,nazwa,opis) VALUES ('8','odes³anie przesy³ki','klient nie przyj¹³ przesy³ki');
INSERT INTO status (id_status,nazwa,opis) VALUES ('9','uszkodzenie przesy³ki','przesy³ka zosta³a uszkodzona');


INSERT INTO zamowienie_status(id_zamowienie,id_status,data_zmiany_statusu,uwagi) VALUES (1,1,'2011-03-07 11:35','brak');
INSERT INTO zamowienie_status(id_zamowienie,id_status,data_zmiany_statusu,uwagi) VALUES (1,2,'2011-03-08 12:55','brak');
INSERT INTO zamowienie_status(id_zamowienie,id_status,data_zmiany_statusu,uwagi) VALUES (1,3,'2011-03-09 13:45','brak');
INSERT INTO zamowienie_status(id_zamowienie,id_status,data_zmiany_statusu,uwagi) VALUES (1,4,'2011-03-10 16:25','brak');
INSERT INTO zamowienie_status(id_zamowienie,id_status,data_zmiany_statusu,uwagi) VALUES (1,5,'2011-03-11 09:45','brak');
INSERT INTO zamowienie_status(id_zamowienie,id_status,data_zmiany_statusu,uwagi) VALUES (1,6,'2011-03-12 16:25','brak');
INSERT INTO zamowienie_status(id_zamowienie,id_status,data_zmiany_statusu,uwagi) VALUES (1,8,'2011-12-23 16:25','Klient twierdzi, ¿e nie sk³ada³ zamówienia.');
INSERT INTO zamowienie_status(id_zamowienie,id_status,data_zmiany_statusu,uwagi) VALUES (2,1,'2011-12-17 21:35','brak');
INSERT INTO zamowienie_status(id_zamowienie,id_status,data_zmiany_statusu,uwagi) VALUES (2,2,'2011-12-18 22:25','brak');
INSERT INTO zamowienie_status(id_zamowienie,id_status,data_zmiany_statusu,uwagi) VALUES (2,3,'2011-12-19 16:25','brak');
INSERT INTO zamowienie_status(id_zamowienie,id_status,data_zmiany_statusu,uwagi) VALUES (2,4,'2011-12-20 16:25','brak');
INSERT INTO zamowienie_status(id_zamowienie,id_status,data_zmiany_statusu,uwagi) VALUES (2,5,'2011-12-21 16:25','brak');
INSERT INTO zamowienie_status(id_zamowienie,id_status,data_zmiany_statusu,uwagi) VALUES (2,6,'2011-12-22 16:25','brak');
INSERT INTO zamowienie_status(id_zamowienie,id_status,data_zmiany_statusu,uwagi) VALUES (2,8,'2011-12-23 16:25','Klient twierdzi, ¿e nie sk³ada³ zamówienia.');
INSERT INTO zamowienie_status(id_zamowienie,id_status,data_zmiany_statusu,uwagi) VALUES (3,1,'2012-03-12 17:25','brak');
INSERT INTO zamowienie_status(id_zamowienie,id_status,data_zmiany_statusu,uwagi) VALUES (3,2,'2012-03-14 17:25','brak');
INSERT INTO zamowienie_status(id_zamowienie,id_status,data_zmiany_statusu,uwagi) VALUES (3,3,'2012-03-15 21:05','brak');
INSERT INTO zamowienie_status(id_zamowienie,id_status,data_zmiany_statusu,uwagi) VALUES (3,4,'2012-03-17 21:35','brak');
INSERT INTO zamowienie_status(id_zamowienie,id_status,data_zmiany_statusu,uwagi) VALUES (3,5,'2012-03-19 21:35','brak');
INSERT INTO zamowienie_status(id_zamowienie,id_status,data_zmiany_statusu,uwagi) VALUES (3,6,'2012-03-23 21:35','brak');
INSERT INTO zamowienie_status(id_zamowienie,id_status,data_zmiany_statusu,uwagi) VALUES (4,1,'2012-04-17 21:55','brak');
INSERT INTO zamowienie_status(id_zamowienie,id_status,data_zmiany_statusu,uwagi) VALUES (4,2,'2012-04-18 21:45','brak');
INSERT INTO zamowienie_status(id_zamowienie,id_status,data_zmiany_statusu,uwagi) VALUES (4,3,'2012-04-19 16:25','brak');
INSERT INTO zamowienie_status(id_zamowienie,id_status,data_zmiany_statusu,uwagi) VALUES (4,4,'2012-04-21 16:25','brak');
INSERT INTO zamowienie_status(id_zamowienie,id_status,data_zmiany_statusu,uwagi) VALUES (4,5,'2012-04-22 16:25','brak');
INSERT INTO zamowienie_status(id_zamowienie,id_status,data_zmiany_statusu,uwagi) VALUES (4,6,'2012-04-23 16:25','brak');
INSERT INTO zamowienie_status(id_zamowienie,id_status,data_zmiany_statusu,uwagi) VALUES (5,1,'2012-07-10 21:35','brak');
INSERT INTO zamowienie_status(id_zamowienie,id_status,data_zmiany_statusu,uwagi) VALUES (5,2,'2012-07-13 22:25','brak');
INSERT INTO zamowienie_status(id_zamowienie,id_status,data_zmiany_statusu,uwagi) VALUES (5,3,'2012-07-14 22:25','brak');
INSERT INTO zamowienie_status(id_zamowienie,id_status,data_zmiany_statusu,uwagi) VALUES (5,4,'2012-07-15 22:25','brak');
INSERT INTO zamowienie_status(id_zamowienie,id_status,data_zmiany_statusu,uwagi) VALUES (5,5,'2012-07-17 22:25','brak');
INSERT INTO zamowienie_status(id_zamowienie,id_status,data_zmiany_statusu,uwagi) VALUES (5,6,'2012-07-19 22:25','brak');
INSERT INTO zamowienie_status(id_zamowienie,id_status,data_zmiany_statusu,uwagi) VALUES (6,1,'2012-09-01 16:25','brak');
INSERT INTO zamowienie_status(id_zamowienie,id_status,data_zmiany_statusu,uwagi) VALUES (6,2,'2012-09-03 16:25','brak');
INSERT INTO zamowienie_status(id_zamowienie,id_status,data_zmiany_statusu,uwagi) VALUES (6,3,'2012-09-06 16:25','brak');
INSERT INTO zamowienie_status(id_zamowienie,id_status,data_zmiany_statusu,uwagi) VALUES (6,4,'2012-09-08 16:25','brak');
INSERT INTO zamowienie_status(id_zamowienie,id_status,data_zmiany_statusu,uwagi) VALUES (6,5,'2012-09-09 16:25','brak');
INSERT INTO zamowienie_status(id_zamowienie,id_status,data_zmiany_statusu,uwagi) VALUES (6,6,'2012-09-13 16:25','brak');
INSERT INTO zamowienie_status(id_zamowienie,id_status,data_zmiany_statusu,uwagi) VALUES (7,1,'2012-11-12 17:25','brak');
INSERT INTO zamowienie_status(id_zamowienie,id_status,data_zmiany_statusu,uwagi) VALUES (7,2,'2012-11-14 17:25','brak');
INSERT INTO zamowienie_status(id_zamowienie,id_status,data_zmiany_statusu,uwagi) VALUES (7,3,'2012-11-16 17:25','brak');
INSERT INTO zamowienie_status(id_zamowienie,id_status,data_zmiany_statusu,uwagi) VALUES (7,4,'2012-11-18 17:25','brak');
INSERT INTO zamowienie_status(id_zamowienie,id_status,data_zmiany_statusu,uwagi) VALUES (7,5,'2012-11-19 17:25','brak');
INSERT INTO zamowienie_status(id_zamowienie,id_status,data_zmiany_statusu,uwagi) VALUES (7,6,'2012-11-23 17:25','brak');
INSERT INTO zamowienie_status(id_zamowienie,id_status,data_zmiany_statusu,uwagi) VALUES (8,1,'2012-11-14 21:05','brak');
INSERT INTO zamowienie_status(id_zamowienie,id_status,data_zmiany_statusu,uwagi) VALUES (8,2,'2012-11-15 21:05','brak');
INSERT INTO zamowienie_status(id_zamowienie,id_status,data_zmiany_statusu,uwagi) VALUES (8,3,'2012-11-16 21:05','brak');
INSERT INTO zamowienie_status(id_zamowienie,id_status,data_zmiany_statusu,uwagi) VALUES (8,4,'2012-11-17 21:05','brak');
INSERT INTO zamowienie_status(id_zamowienie,id_status,data_zmiany_statusu,uwagi) VALUES (8,5,'2012-11-18 21:05','brak');
INSERT INTO zamowienie_status(id_zamowienie,id_status,data_zmiany_statusu,uwagi) VALUES (8,6,'2012-11-19 21:05','brak');
INSERT INTO zamowienie_status(id_zamowienie,id_status,data_zmiany_statusu,uwagi) VALUES (9,1,'2012-11-16 21:05','brak');
INSERT INTO zamowienie_status(id_zamowienie,id_status,data_zmiany_statusu,uwagi) VALUES (9,2,'2012-11-17 21:05','brak');
INSERT INTO zamowienie_status(id_zamowienie,id_status,data_zmiany_statusu,uwagi) VALUES (9,3,'2012-11-19 21:05','brak');
INSERT INTO zamowienie_status(id_zamowienie,id_status,data_zmiany_statusu,uwagi) VALUES (9,4,'2012-11-20 21:05','brak');
INSERT INTO zamowienie_status(id_zamowienie,id_status,data_zmiany_statusu,uwagi) VALUES (9,5,'2012-11-22 21:05','brak');
INSERT INTO zamowienie_status(id_zamowienie,id_status,data_zmiany_statusu,uwagi) VALUES (9,6,'2012-11-24 21:05','brak');
INSERT INTO zamowienie_status(id_zamowienie,id_status,data_zmiany_statusu,uwagi) VALUES (10,1,'2013-02-14 21:05','brak');
INSERT INTO zamowienie_status(id_zamowienie,id_status,data_zmiany_statusu,uwagi) VALUES (10,2,'2013-02-15 21:05','brak');
INSERT INTO zamowienie_status(id_zamowienie,id_status,data_zmiany_statusu,uwagi) VALUES (10,3,'2013-02-16 21:05','brak');
INSERT INTO zamowienie_status(id_zamowienie,id_status,data_zmiany_statusu,uwagi) VALUES (10,4,'2013-02-17 21:05','brak');
INSERT INTO zamowienie_status(id_zamowienie,id_status,data_zmiany_statusu,uwagi) VALUES (10,5,'2013-02-18 21:05','brak');
INSERT INTO zamowienie_status(id_zamowienie,id_status,data_zmiany_statusu,uwagi) VALUES (10,6,'2013-02-19 21:05','brak');
INSERT INTO zamowienie_status(id_zamowienie,id_status,data_zmiany_statusu,uwagi) VALUES (11,1,'2013-02-16 21:05','brak');
INSERT INTO zamowienie_status(id_zamowienie,id_status,data_zmiany_statusu,uwagi) VALUES (11,2,'2013-02-17 21:05','brak');
INSERT INTO zamowienie_status(id_zamowienie,id_status,data_zmiany_statusu,uwagi) VALUES (11,3,'2013-02-18 21:05','brak');
INSERT INTO zamowienie_status(id_zamowienie,id_status,data_zmiany_statusu,uwagi) VALUES (11,4,'2013-02-19 21:05','brak');
INSERT INTO zamowienie_status(id_zamowienie,id_status,data_zmiany_statusu,uwagi) VALUES (11,5,'2013-02-22 21:05','brak');
INSERT INTO zamowienie_status(id_zamowienie,id_status,data_zmiany_statusu,uwagi) VALUES (12,1,'2013-03-14 21:05','brak');
INSERT INTO zamowienie_status(id_zamowienie,id_status,data_zmiany_statusu,uwagi) VALUES (12,2,'2013-03-18 21:05','brak');
INSERT INTO zamowienie_status(id_zamowienie,id_status,data_zmiany_statusu,uwagi) VALUES (12,3,'2013-03-24 21:05','brak');
INSERT INTO zamowienie_status(id_zamowienie,id_status,data_zmiany_statusu,uwagi) VALUES (12,4,'2013-03-26 21:05','brak');
INSERT INTO zamowienie_status(id_zamowienie,id_status,data_zmiany_statusu,uwagi) VALUES (13,1,'2013-03-19 21:05','brak');
INSERT INTO zamowienie_status(id_zamowienie,id_status,data_zmiany_statusu,uwagi) VALUES (13,2,'2013-03-25 21:05','brak');
INSERT INTO zamowienie_status(id_zamowienie,id_status,data_zmiany_statusu,uwagi) VALUES (13,3,'2013-03-28 21:05','brak');
INSERT INTO zamowienie_status(id_zamowienie,id_status,data_zmiany_statusu,uwagi) VALUES (14,1,'2013-04-08 21:05','brak');
INSERT INTO zamowienie_status(id_zamowienie,id_status,data_zmiany_statusu,uwagi) VALUES (14,2,'2013-04-09 21:05','brak');
INSERT INTO zamowienie_status(id_zamowienie,id_status,data_zmiany_statusu,uwagi) VALUES (14,3,'2013-04-11 21:05','brak');
INSERT INTO zamowienie_status(id_zamowienie,id_status,data_zmiany_statusu,uwagi) VALUES (15,1,'2013-05-22 21:05','brak');
INSERT INTO zamowienie_status(id_zamowienie,id_status,data_zmiany_statusu,uwagi) VALUES (15,2,'2013-05-26 21:05','brak');
INSERT INTO zamowienie_status(id_zamowienie,id_status,data_zmiany_statusu,uwagi) VALUES (16,1,'2013-06-01 21:05','brak');
INSERT INTO zamowienie_status(id_zamowienie,id_status,data_zmiany_statusu,uwagi) VALUES (16,2,'2013-06-02 21:05','brak');
INSERT INTO zamowienie_status(id_zamowienie,id_status,data_zmiany_statusu,uwagi) VALUES (17,1,'2013-07-26 21:05','brak');
INSERT INTO zamowienie_status(id_zamowienie,id_status,data_zmiany_statusu,uwagi) VALUES (17,2,'2013-07-29 21:05','brak');
INSERT INTO zamowienie_status(id_zamowienie,id_status,data_zmiany_statusu,uwagi) VALUES (18,1,'2013-08-17 21:05','brak');
INSERT INTO zamowienie_status(id_zamowienie,id_status,data_zmiany_statusu,uwagi) VALUES (19,1,'2013-09-02 21:05','brak');
INSERT INTO zamowienie_status(id_zamowienie,id_status,data_zmiany_statusu,uwagi) VALUES (20,1,'2013-05-03 21:05','brak');
INSERT INTO zamowienie_status(id_zamowienie,id_status,data_zmiany_statusu,uwagi) VALUES (21,1,'2013-11-23 21:05','brak');
INSERT INTO zamowienie_status(id_zamowienie,id_status,data_zmiany_statusu,uwagi) VALUES (22,1,'2013-10-09 21:05','brak');
INSERT INTO zamowienie_status(id_zamowienie,id_status,data_zmiany_statusu,uwagi) VALUES (22,2,'2013-10-10 21:05','brak');
INSERT INTO zamowienie_status(id_zamowienie,id_status,data_zmiany_statusu,uwagi) VALUES (22,3,'2013-10-12 11:11','brak');
INSERT INTO zamowienie_status(id_zamowienie,id_status,data_zmiany_statusu,uwagi) VALUES (23,1,'2013-09-11 11:11','brak');
INSERT INTO zamowienie_status(id_zamowienie,id_status,data_zmiany_statusu,uwagi) VALUES (23,2,'2013-09-12 12:11','brak');
INSERT INTO zamowienie_status(id_zamowienie,id_status,data_zmiany_statusu,uwagi) VALUES (23,3,'2013-09-13 13:11','brak');
INSERT INTO zamowienie_status(id_zamowienie,id_status,data_zmiany_statusu,uwagi) VALUES (23,4,'2013-09-14 14:11','brak');
INSERT INTO zamowienie_status(id_zamowienie,id_status,data_zmiany_statusu,uwagi) VALUES (23,5,'2013-09-15 15:11','brak');
INSERT INTO zamowienie_status(id_zamowienie,id_status,data_zmiany_statusu,uwagi) VALUES (23,6,'2013-09-16 16:11','brak');
INSERT INTO zamowienie_status(id_zamowienie,id_status,data_zmiany_statusu,uwagi) VALUES (24,1,'2013-10-11 17:11','brak');
INSERT INTO zamowienie_status(id_zamowienie,id_status,data_zmiany_statusu,uwagi) VALUES (24,2,'2013-10-12 12:11','brak');
INSERT INTO zamowienie_status(id_zamowienie,id_status,data_zmiany_statusu,uwagi) VALUES (24,3,'2013-10-13 17:13','brak');
INSERT INTO zamowienie_status(id_zamowienie,id_status,data_zmiany_statusu,uwagi) VALUES (24,4,'2013-10-14 12:22','brak');
INSERT INTO zamowienie_status(id_zamowienie,id_status,data_zmiany_statusu,uwagi) VALUES (24,5,'2013-10-15 13:31','brak');
INSERT INTO zamowienie_status(id_zamowienie,id_status,data_zmiany_statusu,uwagi) VALUES (24,9,'2013-10-16 09:22','brak');

INSERT INTO faktura(id_faktura,id_zamowienie,id_klient,id_pracownik,nr_faktury,data_wystawienia,data_platnosci,czy_oplacona) VALUES (1,1,1,1,'01','2011-06-23 12:12','2011-06-30 22:32',1);
INSERT INTO faktura(id_faktura,id_zamowienie,id_klient,id_pracownik,nr_faktury,data_wystawienia,data_platnosci,czy_oplacona) VALUES (2,2,2,2,'01','2013-08-08 22:54','2013-08-10 13:00',1);
INSERT INTO faktura(id_faktura,id_zamowienie,id_klient,id_pracownik,nr_faktury,data_wystawienia,data_platnosci,czy_oplacona) VALUES (3,3,3,3,'03','2012-07-14 10:22','2012-07-16 04:01',0);
INSERT INTO faktura(id_faktura,id_zamowienie,id_klient,id_pracownik,nr_faktury,data_wystawienia,data_platnosci,czy_oplacona) VALUES (4,4,4,4,'04','2001-12-12 12:37','2001-12-14 08:08',1);
INSERT INTO faktura(id_faktura,id_zamowienie,id_klient,id_pracownik,nr_faktury,data_wystawienia,data_platnosci,czy_oplacona) VALUES (5,5,5,5,'05','2000-10-01 14:15','2000-10-04 09:22',1);
INSERT INTO faktura(id_faktura,id_zamowienie,id_klient,id_pracownik,nr_faktury,data_wystawienia,data_platnosci,czy_oplacona) VALUES (6,6,6,6,'66','2007-01-31 22:15','2007-02-05 22:34',0);
INSERT INTO faktura(id_faktura,id_zamowienie,id_klient,id_pracownik,nr_faktury,data_wystawienia,data_platnosci,czy_oplacona) VALUES (7,7,7,7,'07','2009-10-21 16:08','2009-10-29 14:56',1);
INSERT INTO faktura(id_faktura,id_zamowienie,id_klient,id_pracownik,nr_faktury,data_wystawienia,data_platnosci,czy_oplacona) VALUES (8,8,8,8,'08','2011-02-21 17:19','2011-03-31 13:12',1);
INSERT INTO faktura(id_faktura,id_zamowienie,id_klient,id_pracownik,nr_faktury,data_wystawienia,data_platnosci,czy_oplacona) VALUES (9,9,9,9,'09','2006-04-17 17:01','2006-04-18 11:09',1);
INSERT INTO faktura(id_faktura,id_zamowienie,id_klient,id_pracownik,nr_faktury,data_wystawienia,data_platnosci,czy_oplacona) VALUES (10,10,10,10,'110','2002-05-02 07:55','2002-05-11 21:15',0);
INSERT INTO faktura(id_faktura,id_zamowienie,id_klient,id_pracownik,nr_faktury,data_wystawienia,data_platnosci,czy_oplacona) VALUES (11,11,19,11,'111','2008-11-08 13:21','2008-11-18 21:39',1);
INSERT INTO faktura(id_faktura,id_zamowienie,id_klient,id_pracownik,nr_faktury,data_wystawienia,data_platnosci,czy_oplacona) VALUES (12,12,20,12,'112','2009-12-09 17:35','2009-12-11 20:05',0);
INSERT INTO faktura(id_faktura,id_zamowienie,id_klient,id_pracownik,nr_faktury,data_wystawienia,data_platnosci,czy_oplacona) VALUES (13,23,23,13,'12/2013','2013-09-09 13:21','2013-09-10 21:39',1);
INSERT INTO faktura(id_faktura,id_zamowienie,id_klient,id_pracownik,nr_faktury,data_wystawienia,data_platnosci,czy_oplacona) VALUES (14,10,1,10,'03/2013','2013-02-14 17:35','2013-02-15 20:05',1);

--podwy¿ka o 5% wszystkich produktów
UPDATE produkt SET cena_netto=cena_netto*1.05;
